transition,minus,zero,plus
128->256,0.00018486484333646303,9.04288193108449e-06,0.00018486484333624098
256->512,4.620561942880741e-05,2.26068107780919e-06,4.620561942392243e-05
